,index,timePeriod,sentiment
7,423,1800-01-01,0.355
55,6953,1800-01-01,0.16
61,2082,1800-01-01,0.195
63,7134,1800-01-01,0.172
79,4006,1800-01-01,0.204
88,1294,1800-01-01,0.31
117,1327,1800-01-01,0.0
167,7948,1800-01-01,0.301
168,7157,1800-01-01,0.12
185,9457,1800-01-01,0.05
203,2994,1800-01-01,0.383
219,3679,1800-01-01,0.279
267,5945,1800-01-01,0.0
268,8905,1800-01-01,0.209
302,8085,1800-01-01,0.094
324,8268,1800-01-01,0.353
334,7976,1800-01-01,0.219
363,8462,1800-01-01,0.159
380,6632,1800-01-01,0.0
426,1965,1800-01-01,0.201
441,3910,1800-01-01,0.183
442,4908,1800-01-01,0.0
507,3663,1800-01-01,0.0
511,9046,1800-01-01,0.383
518,8896,1800-01-01,0.447
556,8391,1800-01-01,0.0
591,191,1800-01-01,0.294
604,2268,1800-01-01,0.0
628,7082,1800-01-01,0.557
661,3102,1800-01-01,0.0
669,3957,1800-01-01,0.346
679,4320,1800-01-01,0.423
700,243,1800-01-01,0.0
712,1211,1800-01-01,0.0
717,2854,1800-01-01,0.186
728,9919,1800-01-01,0.0
742,7083,1800-01-01,0.147
778,3525,1800-01-01,0.179
786,5825,1800-01-01,0.133
852,6901,1800-01-01,0.333
854,779,1800-01-01,0.0
885,907,1800-01-01,0.217
892,2138,1800-01-01,0.158
895,4537,1800-01-01,0.0
921,4664,1800-01-01,0.27
930,681,1800-01-01,0.0
938,7071,1800-01-01,0.238
939,4269,1800-01-01,0.256
944,4666,1800-01-01,0.503
956,1580,1800-01-01,0.0
983,5949,1800-01-01,0.0
1076,1500,1800-01-01,0.291
1078,736,1800-01-01,0.219
1096,1070,1800-01-01,0.0
1100,9265,1800-01-01,0.115
1117,9732,1800-01-01,0.0
1139,9946,1800-01-01,0.0
1143,1613,1800-01-01,0.222
1191,8882,1800-01-01,0.0
1198,3424,1800-01-01,0.246
1218,965,1800-01-01,0.179
1233,1321,1800-01-01,0.093
1239,5411,1800-01-01,0.182
1282,5315,1800-01-01,0.618
1298,7807,1800-01-01,0.0
1331,6916,1800-01-01,0.439
1353,9136,1800-01-01,0.129
1373,8685,1800-01-01,0.176
1374,5778,1800-01-01,0.209
1395,7168,1800-01-01,0.182
1402,8367,1800-01-01,0.107
1410,8437,1800-01-01,0.126
1413,7585,1800-01-01,0.0
1430,5925,1800-01-01,0.206
1437,3678,1800-01-01,0.0
1447,9968,1800-01-01,0.625
1463,851,1800-01-01,0.28
1469,68,1800-01-01,0.18
1505,7033,1800-01-01,0.288
1522,7389,1800-01-01,0.0
1523,6954,1800-01-01,0.258
1524,2424,1800-01-01,0.226
1537,5384,1800-01-01,0.179
1564,9725,1800-01-01,0.412
1578,8577,1800-01-01,0.206
1608,547,1800-01-01,0.166
1609,2982,1800-01-01,0.15
1617,1413,1800-01-01,0.168
1631,2411,1800-01-01,0.0
1642,6298,1800-01-01,0.278
1652,8849,1800-01-01,0.0
1676,4195,1800-01-01,0.0
1679,2551,1800-01-01,0.0
1681,7589,1800-01-01,0.278
1693,1345,1800-01-01,0.151
1695,2995,1800-01-01,0.335
1723,2849,1800-01-01,0.274
1724,8272,1800-01-01,0.0
1726,3465,1800-01-01,0.0
1730,2297,1800-01-01,0.071
1739,383,1800-01-01,0.091
1749,8868,1800-01-01,0.31
1759,7980,1800-01-01,0.0
1769,853,1800-01-01,0.376
1773,4093,1800-01-01,0.0
1802,64,1800-01-01,0.503
1826,9812,1800-01-01,0.328
1844,3446,1800-01-01,0.16
1852,7523,1800-01-01,0.418
1876,8951,1800-01-01,0.213
1883,7129,1800-01-01,0.498
1924,7770,1800-01-01,0.24
1965,6311,1800-01-01,0.211
1972,9809,1800-01-01,0.367
1973,6125,1800-01-01,0.304
1978,3230,1800-01-01,0.182
1994,9354,1800-01-01,0.207
2017,4957,1800-01-01,0.344
2036,2287,1800-01-01,0.0
2051,5652,1800-01-01,0.239
2053,8888,1800-01-01,0.286
2054,9193,1800-01-01,0.113
2069,5501,1800-01-01,0.215
2075,65,1800-01-01,0.296
2083,795,1800-01-01,0.5
2084,6402,1800-01-01,0.0
2089,1069,1800-01-01,0.0
2102,7100,1800-01-01,0.263
2138,410,1800-01-01,0.107
2154,9133,1800-01-01,0.0
2158,812,1800-01-01,0.133
2164,4019,1800-01-01,0.111
2168,3198,1800-01-01,0.242
2181,9790,1800-01-01,0.194
2187,8698,1800-01-01,0.179
2227,7008,1800-01-01,0.0
2240,4951,1800-01-01,0.488
2242,6678,1800-01-01,0.0
2257,2048,1800-01-01,0.146
2281,7561,1800-01-01,0.266
2288,1017,1800-01-01,0.29
2352,9609,1800-01-01,0.0
2362,7022,1800-01-01,0.0
2397,1958,1800-01-01,0.0
2407,6199,1800-01-01,0.0
2440,3481,1800-01-01,0.0
2483,8489,1800-01-01,0.172
2486,8699,1800-01-01,0.0
2492,3435,1800-01-01,0.28
2495,8684,1800-01-01,0.305
2550,1929,1800-01-01,0.203
2557,6213,1800-01-01,0.199
2573,3683,1800-01-01,0.267
2625,333,1800-01-01,0.241
2627,5023,1800-01-01,0.278
2628,2935,1800-01-01,0.0
2641,7322,1800-01-01,0.286
2656,8551,1800-01-01,0.0
2658,5711,1800-01-01,0.117
2662,9340,1800-01-01,0.214
2674,885,1800-01-01,0.106
2682,4229,1800-01-01,0.0
2687,4958,1800-01-01,0.136
2700,7964,1800-01-01,0.313
2707,504,1800-01-01,0.185
2708,3064,1800-01-01,0.213
2716,3767,1800-01-01,0.25
2724,8328,1800-01-01,0.0
2751,2100,1800-01-01,0.189
2753,209,1800-01-01,0.204
2804,1960,1800-01-01,0.28
2842,6049,1800-01-01,0.22
2901,6495,1800-01-01,0.379
2951,3962,1800-01-01,0.0
3002,8859,1800-01-01,0.377
3007,4702,1800-01-01,0.256
3014,9754,1800-01-01,0.32
3020,7784,1800-01-01,0.121
3031,1278,1800-01-01,0.402
3033,3260,1800-01-01,0.25
3034,6378,1800-01-01,0.451
3052,7178,1800-01-01,0.163
3073,9480,1800-01-01,0.247
3074,8392,1800-01-01,0.0
3123,513,1800-01-01,0.461
3134,8408,1800-01-01,0.308
3147,8525,1800-01-01,0.322
3167,7901,1800-01-01,0.281
3182,7217,1800-01-01,0.398
3189,1078,1800-01-01,0.0
3250,1881,1800-01-01,0.518
3261,6703,1800-01-01,0.116
3262,4220,1800-01-01,0.353
3274,202,1800-01-01,0.235
3298,3797,1800-01-01,0.258
3309,9542,1810-01-01,0.302
3322,4476,1810-01-01,0.205
3340,1487,1810-01-01,0.0
3343,459,1810-01-01,0.392
3344,8273,1810-01-01,0.235
3353,2965,1810-01-01,0.2
3354,718,1810-01-01,0.208
3356,2038,1810-01-01,0.245
3372,9633,1810-01-01,0.336
3397,3756,1810-01-01,0.19
3399,1998,1810-01-01,0.588
3417,6081,1810-01-01,0.256
3431,7892,1810-01-01,0.298
3435,7958,1810-01-01,0.24
3446,9422,1810-01-01,0.35
3448,1693,1810-01-01,0.212
3463,3950,1810-01-01,0.277
3469,4965,1810-01-01,0.339
3470,7734,1810-01-01,0.0
3474,6693,1810-01-01,0.263
3499,5574,1810-01-01,0.0
3514,3098,1810-01-01,0.0
3533,494,1810-01-01,0.176
3546,5963,1810-01-01,0.0
3566,1270,1810-01-01,0.193
3567,3947,1810-01-01,0.231
3569,4101,1810-01-01,0.264
3570,8454,1810-01-01,0.0
3575,2251,1810-01-01,0.263
3581,280,1810-01-01,0.222
3615,2290,1810-01-01,0.13
3634,8286,1810-01-01,0.227
3653,3880,1810-01-01,0.366
3665,170,1810-01-01,0.268
3678,9703,1810-01-01,0.0
3680,2963,1810-01-01,0.26
3698,5754,1810-01-01,0.399
3706,7299,1810-01-01,0.235
3800,4227,1810-01-01,0.238
3805,3302,1810-01-01,0.118
3815,7235,1810-01-01,0.293
3843,2594,1810-01-01,0.368
3846,9591,1810-01-01,0.449
3849,9767,1810-01-01,0.202
3870,7621,1810-01-01,0.263
3901,380,1810-01-01,0.0
3909,6833,1810-01-01,0.0
3911,5880,1810-01-01,0.444
3934,190,1810-01-01,0.059
3949,881,1810-01-01,0.274
3965,7904,1810-01-01,0.199
3972,6396,1810-01-01,0.363
4009,8467,1810-01-01,0.316
4010,8652,1810-01-01,0.225
4012,6417,1810-01-01,0.0
4024,5649,1810-01-01,0.0
4028,4078,1810-01-01,0.108
4057,9777,1810-01-01,0.251
4075,525,1810-01-01,0.267
4138,5514,1810-01-01,0.341
4144,6466,1810-01-01,0.153
4146,3867,1810-01-01,0.097
4158,4284,1810-01-01,0.156
4173,6862,1810-01-01,0.0
4174,5974,1810-01-01,0.326
4178,9261,1810-01-01,0.117
4186,1210,1810-01-01,0.495
4209,3780,1810-01-01,0.088
4233,8039,1810-01-01,0.235
4238,1920,1810-01-01,0.234
4243,392,1810-01-01,0.262
4264,4200,1810-01-01,0.208
4280,2609,1810-01-01,0.0
4285,4474,1810-01-01,0.385
4287,5406,1810-01-01,0.463
4294,5712,1810-01-01,0.157
4299,7148,1810-01-01,0.071
4301,8389,1810-01-01,0.292
4334,4412,1810-01-01,0.148
4369,1559,1810-01-01,0.213
4395,1092,1810-01-01,0.369
4416,9285,1810-01-01,0.457
4432,4703,1810-01-01,0.0
4435,1097,1810-01-01,0.102
4443,3398,1810-01-01,0.0
4465,4382,1810-01-01,0.252
4469,4966,1810-01-01,0.153
4482,6568,1810-01-01,0.319
4493,9348,1810-01-01,0.085
4494,766,1810-01-01,0.266
4499,2850,1810-01-01,0.0
4502,8305,1810-01-01,0.477
4504,7272,1810-01-01,0.665
4505,3168,1810-01-01,0.241
4512,5219,1810-01-01,0.137
4531,9772,1810-01-01,0.481
4532,7519,1810-01-01,0.074
4590,3829,1810-01-01,0.345
4622,2426,1810-01-01,0.228
4640,2217,1810-01-01,0.0
4647,3033,1810-01-01,0.067
4651,1387,1810-01-01,0.352
4703,1805,1810-01-01,0.391
4708,71,1810-01-01,0.43
4724,5116,1810-01-01,0.209
4734,1122,1810-01-01,0.25
4752,6684,1810-01-01,0.312
4754,3504,1810-01-01,0.0
4776,186,1810-01-01,0.2
4785,3772,1810-01-01,0.642
4804,7500,1810-01-01,0.23
4805,688,1810-01-01,0.0
4865,1185,1810-01-01,0.48
4870,3715,1810-01-01,0.0
4892,2435,1810-01-01,0.211
4906,6414,1810-01-01,0.277
4912,3325,1810-01-01,0.371
4942,7465,1810-01-01,0.193
4953,7855,1810-01-01,0.232
4983,3996,1810-01-01,0.363
4995,6480,1810-01-01,0.184
5020,2939,1810-01-01,0.101
5026,7133,1810-01-01,0.324
5033,7250,1810-01-01,0.258
5038,1550,1810-01-01,0.449
5042,4729,1810-01-01,0.459
5049,2287,1810-01-01,0.224
5050,8834,1810-01-01,0.222
5103,2593,1810-01-01,0.225
5107,3817,1810-01-01,0.171
5110,3508,1810-01-01,0.388
5131,3527,1810-01-01,0.367
5134,5501,1810-01-01,0.124
5182,864,1810-01-01,0.337
5193,9828,1810-01-01,0.178
5201,3835,1810-01-01,0.206
5229,5099,1810-01-01,0.414
5280,1225,1810-01-01,0.094
5284,9401,1810-01-01,0.35
5288,5045,1810-01-01,0.174
5305,321,1810-01-01,0.0
5322,8625,1810-01-01,0.249
5340,3910,1810-01-01,0.208
5387,3000,1810-01-01,0.134
5393,2087,1810-01-01,0.155
5412,719,1810-01-01,0.152
5417,8263,1810-01-01,0.556
5433,7420,1810-01-01,0.251
5457,8007,1810-01-01,0.303
5461,5710,1810-01-01,0.211
5491,8889,1810-01-01,0.188
5516,7151,1810-01-01,0.135
5520,3329,1810-01-01,0.341
5522,7953,1810-01-01,0.0
5525,7366,1810-01-01,0.291
5565,8097,1810-01-01,0.0
5572,5330,1810-01-01,0.337
5586,9169,1810-01-01,0.0
5615,6084,1810-01-01,0.0
5617,5110,1810-01-01,0.38
5618,6679,1810-01-01,0.12
5625,2513,1810-01-01,0.288
5644,6250,1810-01-01,0.293
5682,2854,1810-01-01,0.292
5684,7411,1810-01-01,0.343
5715,6958,1810-01-01,0.0
5724,1384,1810-01-01,0.0
5750,4622,1810-01-01,0.075
5752,4803,1810-01-01,0.0
5772,3003,1810-01-01,0.189
5787,272,1810-01-01,0.19
5789,8629,1810-01-01,0.26
5806,5901,1810-01-01,0.227
5812,4168,1810-01-01,0.0
5814,3741,1810-01-01,0.32
5817,1653,1810-01-01,0.258
5820,6208,1810-01-01,0.0
5828,8002,1810-01-01,0.372
5842,5442,1810-01-01,0.19
5847,7688,1810-01-01,0.211
5850,4988,1810-01-01,0.056
5868,3927,1810-01-01,0.278
5873,2480,1810-01-01,0.279
5888,4817,1810-01-01,0.231
5897,9367,1810-01-01,0.131
5917,5628,1810-01-01,0.245
5941,6470,1810-01-01,0.0
5943,3889,1810-01-01,0.484
5953,5326,1810-01-01,0.0
5956,2297,1810-01-01,0.08
6012,5548,1810-01-01,0.104
6031,3745,1810-01-01,0.0
6055,6204,1810-01-01,0.0
6061,2295,1810-01-01,0.0
6072,3903,1810-01-01,0.0
6120,7481,1810-01-01,0.294
6191,5789,1810-01-01,0.0
6209,2651,1810-01-01,0.0
6231,3052,1810-01-01,0.12
6266,4182,1810-01-01,0.22
6277,4710,1810-01-01,0.189
6286,4985,1810-01-01,0.0
6312,7875,1810-01-01,0.326
6328,847,1810-01-01,0.0
6343,2525,1810-01-01,0.284
6366,5218,1810-01-01,0.304
6378,2124,1810-01-01,0.268
6386,8331,1810-01-01,0.495
6402,9336,1810-01-01,0.0
6407,1549,1810-01-01,0.325
6410,543,1810-01-01,0.091
6429,579,1810-01-01,0.347
6433,4430,1810-01-01,0.364
6453,4416,1810-01-01,0.253
6458,3364,1810-01-01,0.0
6460,1863,1810-01-01,0.0
6480,2722,1810-01-01,0.068
6500,8861,1810-01-01,0.235
6501,5629,1810-01-01,0.0
6519,5217,1810-01-01,0.261
6536,6629,1810-01-01,0.0
6566,4753,1810-01-01,0.24
6569,6374,1810-01-01,0.175
6590,9178,1810-01-01,0.338
6601,2826,1810-01-01,0.0
6624,6780,1810-01-01,0.0
6642,4826,1810-01-01,0.312
6643,6623,1810-01-01,0.347
6652,4376,1810-01-01,0.0
6656,55,1810-01-01,0.385
6665,5623,1810-01-01,0.225
6725,4943,1810-01-01,0.0
6732,2014,1810-01-01,0.262
6748,196,1810-01-01,0.174
6751,256,1810-01-01,0.256
6761,3127,1810-01-01,0.191
6774,5706,1810-01-01,0.375
6777,1885,1810-01-01,0.238
6809,2234,1810-01-01,0.0
6812,7583,1810-01-01,0.182
6818,41,1810-01-01,0.077
6829,203,1810-01-01,0.146
6841,3536,1810-01-01,0.486
6858,8968,1810-01-01,0.135
6879,8534,1810-01-01,0.403
6898,6910,1810-01-01,0.265
6899,2958,1810-01-01,0.075
6904,6754,1810-01-01,0.0
6907,7784,1810-01-01,0.235
6909,7628,1810-01-01,0.0
6912,9645,1810-01-01,0.0
6914,5448,1810-01-01,0.0
6926,5607,1820-01-01,0.0
6934,3386,1820-01-01,0.0
6940,6377,1820-01-01,0.123
6945,7073,1820-01-01,0.0
6946,2685,1820-01-01,0.0
6955,2671,1820-01-01,0.0
6972,5026,1820-01-01,0.0
6981,4404,1820-01-01,0.294
6983,7123,1820-01-01,0.0
6996,8930,1820-01-01,0.0
6997,8179,1820-01-01,0.19
7001,6202,1820-01-01,0.167
7004,5950,1820-01-01,0.0
7020,1977,1820-01-01,0.0
7039,641,1820-01-01,0.31
7041,1938,1820-01-01,0.0
7048,4049,1820-01-01,0.167
7071,7360,1820-01-01,0.1
7074,7589,1820-01-01,0.0
7084,3576,1820-01-01,0.0
7089,9906,1820-01-01,0.469
7104,7008,1820-01-01,0.221
7110,2330,1820-01-01,0.158
7113,6828,1820-01-01,0.152
7115,3096,1820-01-01,0.0
7149,9885,1820-01-01,0.185
7162,3190,1820-01-01,0.335
7168,8118,1820-01-01,0.588
7177,57,1820-01-01,0.778
7181,3669,1820-01-01,0.147
7187,8782,1820-01-01,0.0
7204,6400,1820-01-01,0.488
7218,1830,1820-01-01,0.324
7226,5131,1820-01-01,0.0
7237,4816,1820-01-01,0.2
7238,3699,1820-01-01,0.0
7243,5495,1820-01-01,0.0
7260,665,1820-01-01,0.238
7264,240,1820-01-01,0.095
7269,8736,1820-01-01,0.602
7285,877,1820-01-01,0.358
7301,4568,1820-01-01,0.365
7311,2192,1820-01-01,0.0
7336,6367,1820-01-01,0.23
7343,9775,1820-01-01,0.315
7365,5118,1820-01-01,0.324
7376,6948,1820-01-01,0.0
7380,495,1820-01-01,0.0
7399,87,1820-01-01,0.295
7402,5432,1820-01-01,0.0
7413,9665,1820-01-01,0.401
7415,4597,1820-01-01,0.0
7417,6349,1820-01-01,0.639
7424,4850,1820-01-01,0.2
7437,474,1820-01-01,0.0
7442,2845,1820-01-01,0.0
7454,1211,1820-01-01,0.0
7456,1625,1820-01-01,0.0
7479,7441,1820-01-01,0.0
7483,8465,1820-01-01,0.0
7484,8104,1820-01-01,0.079
7488,6696,1820-01-01,0.452
7496,3888,1820-01-01,0.0
7517,492,1820-01-01,0.298
7528,1806,1820-01-01,0.305
7535,4613,1820-01-01,0.173
7542,1503,1820-01-01,0.516
7544,3782,1820-01-01,0.181
7564,9369,1820-01-01,0.0
7583,8076,1820-01-01,0.0
7588,7547,1820-01-01,0.234
7590,3729,1820-01-01,0.0
7591,3266,1820-01-01,0.106
7595,9591,1820-01-01,0.0
7602,9375,1820-01-01,0.111
7610,5019,1820-01-01,0.073
7613,9677,1820-01-01,0.204
7622,7796,1820-01-01,0.157
7636,7726,1820-01-01,0.469
7641,2654,1820-01-01,0.169
7654,9668,1820-01-01,0.0
7658,8922,1820-01-01,0.227
7687,5186,1820-01-01,0.0
7695,5018,1820-01-01,0.208
7700,3309,1820-01-01,0.157
7701,5858,1820-01-01,0.21
7705,9117,1820-01-01,0.18
7713,6512,1820-01-01,0.2
7743,4995,1820-01-01,0.227
7747,5422,1820-01-01,0.0
7751,6492,1820-01-01,0.252
7756,75,1820-01-01,0.303
7775,5522,1820-01-01,0.0
7778,6925,1820-01-01,0.0
7797,6521,1820-01-01,0.207
7799,461,1820-01-01,0.0
7828,6603,1820-01-01,0.355
7840,6222,1820-01-01,0.238
7841,7323,1820-01-01,0.238
7845,9044,1820-01-01,0.0
7848,9059,1820-01-01,0.0
7871,9896,1820-01-01,0.288
7873,8642,1820-01-01,0.221
7901,4279,1820-01-01,0.0
7915,249,1820-01-01,0.199
7920,3768,1820-01-01,0.0
7933,3844,1820-01-01,0.254
7939,9643,1820-01-01,0.373
7940,5620,1820-01-01,0.167
7943,9662,1820-01-01,0.437
7949,6912,1820-01-01,0.24
7971,4458,1820-01-01,0.249
7982,5405,1820-01-01,0.091
7985,1468,1820-01-01,0.43
7987,3233,1820-01-01,0.337
7992,7743,1820-01-01,0.0
7996,9494,1820-01-01,0.214
8001,1244,1820-01-01,0.0
8007,9745,1820-01-01,0.175
8015,8945,1820-01-01,0.0
8020,9359,1820-01-01,0.135
8033,2910,1820-01-01,0.229
8040,7405,1820-01-01,0.129
8047,2425,1820-01-01,0.31
8055,1904,1820-01-01,0.097
8065,8336,1820-01-01,0.255
8067,7340,1820-01-01,0.0
8082,8446,1820-01-01,0.235
8102,8976,1820-01-01,0.0
8104,6356,1820-01-01,0.0
8122,4172,1820-01-01,0.213
8123,6077,1820-01-01,0.0
8124,8531,1820-01-01,0.0
8131,9351,1820-01-01,0.0
8147,76,1820-01-01,0.0
8153,7891,1820-01-01,0.0
8163,4622,1820-01-01,0.193
8165,4680,1820-01-01,0.0
8188,297,1820-01-01,0.391
8199,8365,1820-01-01,0.404
8201,5839,1820-01-01,0.21
8223,9001,1820-01-01,0.0
8227,8210,1820-01-01,0.234
8255,9769,1820-01-01,0.603
8271,7684,1820-01-01,0.0
8277,6943,1820-01-01,0.447
8288,1081,1820-01-01,0.0
8319,6584,1820-01-01,0.133
8326,1407,1820-01-01,0.212
8342,6437,1820-01-01,0.0
8343,3383,1820-01-01,0.071
8346,5769,1820-01-01,0.399
8350,6089,1820-01-01,0.289
8357,3720,1820-01-01,0.455
8363,5378,1820-01-01,0.255
8372,9402,1820-01-01,0.0
8397,3486,1820-01-01,0.273
8398,4712,1820-01-01,0.24
8403,7980,1820-01-01,0.0
8407,830,1820-01-01,0.184
8413,3178,1820-01-01,0.134
8418,8724,1820-01-01,0.278
8439,2401,1820-01-01,0.452
8442,2693,1820-01-01,0.241
8461,9614,1820-01-01,0.138
8464,8158,1820-01-01,0.434
8470,6048,1820-01-01,0.206
8479,8861,1820-01-01,0.0
8489,6688,1820-01-01,0.219
8490,1549,1820-01-01,0.0
8508,5626,1820-01-01,0.167
8526,4500,1820-01-01,0.119
8548,4756,1820-01-01,0.175
8560,2623,1820-01-01,0.249
8568,6223,1820-01-01,0.246
8619,7252,1820-01-01,0.229
8622,3998,1820-01-01,0.414
8631,6967,1820-01-01,0.1
8632,4282,1820-01-01,0.0
8638,8706,1820-01-01,0.0
8650,1130,1820-01-01,0.355
8652,4813,1820-01-01,0.108
8653,8668,1820-01-01,0.0
8657,5044,1820-01-01,0.355
8665,5786,1820-01-01,0.173
8692,8243,1820-01-01,0.149
8723,4851,1820-01-01,0.145
8733,25,1820-01-01,0.0
8738,3235,1820-01-01,0.309
8740,7361,1820-01-01,0.197
8787,9553,1820-01-01,0.227
8794,2078,1820-01-01,0.138
8797,8843,1820-01-01,0.45
8799,6689,1820-01-01,0.0
8815,8353,1820-01-01,0.203
8823,8077,1820-01-01,0.0
8832,5169,1820-01-01,0.0
8833,9002,1820-01-01,0.08
8840,2146,1820-01-01,0.179
8843,2399,1820-01-01,0.472
8847,7331,1820-01-01,0.199
8876,8983,1820-01-01,0.5
8881,1734,1820-01-01,0.385
8882,5690,1820-01-01,0.182
8893,8750,1820-01-01,0.474
8902,6837,1820-01-01,0.3
8919,3638,1820-01-01,0.0
8926,8807,1820-01-01,0.0
8928,9729,1820-01-01,0.556
8965,7037,1820-01-01,0.15
8968,3269,1820-01-01,0.206
8969,5764,1820-01-01,0.214
8985,6358,1820-01-01,0.176
9004,3776,1820-01-01,0.232
9011,4315,1820-01-01,0.212
9023,6152,1820-01-01,0.466
9025,9765,1820-01-01,0.324
9069,6513,1820-01-01,0.125
9078,1986,1820-01-01,0.257
9082,846,1820-01-01,0.0
9083,424,1820-01-01,0.35
9085,3402,1820-01-01,0.158
9094,3991,1820-01-01,0.237
9105,8542,1820-01-01,0.293
9112,7165,1820-01-01,0.0
9114,4564,1820-01-01,0.262
9116,894,1820-01-01,0.165
9123,6051,1820-01-01,0.342
9134,9739,1820-01-01,0.0
9147,3465,1820-01-01,0.178
9160,3064,1820-01-01,0.24
9170,6023,1820-01-01,0.0
9175,6680,1820-01-01,0.078
9185,8525,1820-01-01,0.0
9189,7623,1820-01-01,0.224
9194,4520,1820-01-01,0.252
9195,1769,1820-01-01,0.0
9200,9693,1820-01-01,0.081
9239,7690,1820-01-01,0.145
9253,7807,1820-01-01,0.111
9264,2751,1820-01-01,0.104
9266,5575,1820-01-01,0.548
9279,3572,1820-01-01,0.371
9292,3442,1820-01-01,0.0
9295,2884,1820-01-01,0.246
9308,6113,1820-01-01,0.474
9342,182,1820-01-01,0.394
9346,5570,1820-01-01,0.31
9358,1101,1820-01-01,0.124
9359,1219,1820-01-01,0.279
9369,9039,1820-01-01,0.12
9377,7548,1820-01-01,0.176
9382,3017,1820-01-01,0.0
9414,5578,1820-01-01,0.0
9422,1441,1820-01-01,0.269
9431,7811,1820-01-01,0.27
9445,1919,1820-01-01,0.191
9469,2244,1820-01-01,0.251
9478,3619,1820-01-01,0.227
9483,1656,1820-01-01,0.0
9484,444,1820-01-01,0.238
9490,9026,1820-01-01,0.299
9498,3010,1820-01-01,0.202
9502,2414,1820-01-01,0.309
9504,2854,1820-01-01,0.0
9513,891,1820-01-01,0.459
9537,2143,1820-01-01,0.199
9563,4689,1820-01-01,0.286
9569,3211,1820-01-01,0.196
9582,1798,1820-01-01,0.0
9595,2765,1820-01-01,0.218
9599,8864,1820-01-01,0.0
9617,7450,1820-01-01,0.0
9618,5537,1820-01-01,0.0
9623,6730,1820-01-01,0.333
9626,6371,1820-01-01,0.323
9628,9426,1820-01-01,0.0
9632,9223,1820-01-01,0.234
9658,6620,1820-01-01,0.253
9678,214,1820-01-01,0.0
9679,7407,1820-01-01,0.279
9682,8083,1820-01-01,0.0
9692,4377,1820-01-01,0.387
9697,6879,1820-01-01,0.394
9703,1509,1820-01-01,0.235
9713,4870,1820-01-01,0.256
9715,2221,1820-01-01,0.29
9745,9845,1820-01-01,0.0
9747,3043,1820-01-01,0.399
9756,1708,1820-01-01,0.617
9774,9265,1820-01-01,0.097
9788,2300,1820-01-01,0.0
9798,4376,1820-01-01,0.339
9799,757,1820-01-01,0.0
9824,1624,1820-01-01,0.0
9827,622,1820-01-01,0.355
9828,6096,1820-01-01,0.093
9834,8783,1820-01-01,0.127
9835,7315,1820-01-01,0.0
9838,6239,1820-01-01,0.0
9841,4768,1820-01-01,0.23
9851,5568,1820-01-01,0.0
9864,1208,1820-01-01,0.425
9886,4862,1820-01-01,0.0
9894,4237,1820-01-01,0.0
9896,5377,1820-01-01,0.0
9899,3923,1820-01-01,0.0
9906,3616,1820-01-01,0.0
9908,8156,1820-01-01,0.157
9927,7337,1820-01-01,0.0
9947,1210,1820-01-01,0.34
9949,6585,1820-01-01,0.137
9966,4161,1820-01-01,0.175
9969,4102,1820-01-01,0.0
9977,3988,1820-01-01,0.306
10001,9116,1820-01-01,0.105
10010,7020,1820-01-01,0.0
10013,9561,1820-01-01,0.0
10026,4164,1820-01-01,0.0
10030,6340,1820-01-01,0.0
10033,6133,1820-01-01,0.0
10038,2167,1820-01-01,0.0
10043,1750,1820-01-01,0.0
10070,2727,1820-01-01,0.0
10074,3749,1820-01-01,0.223
10122,8238,1820-01-01,0.109
10131,1152,1820-01-01,0.0
10157,216,1820-01-01,0.0
10212,8466,1820-01-01,0.0
10218,6732,1820-01-01,0.459
10226,1716,1820-01-01,0.0
10247,1108,1820-01-01,0.0
10251,1918,1820-01-01,0.097
10257,1979,1820-01-01,0.27
10260,7333,1820-01-01,0.227
10269,225,1820-01-01,0.259
10271,8455,1820-01-01,0.133
10274,9681,1820-01-01,0.119
10276,9571,1820-01-01,0.214
10282,2970,1820-01-01,0.0
10285,6782,1820-01-01,0.0
10309,840,1820-01-01,0.243
10346,5809,1830-01-01,0.266
10352,5733,1830-01-01,0.371
10354,2602,1830-01-01,0.253
10434,4722,1830-01-01,0.202
10441,7026,1830-01-01,0.204
10444,8852,1830-01-01,0.164
10448,4160,1830-01-01,0.291
10451,3910,1830-01-01,0.144
10497,2275,1830-01-01,0.355
10510,151,1830-01-01,0.358
10527,6382,1830-01-01,0.391
10533,4244,1830-01-01,0.316
10534,351,1830-01-01,0.0
10539,4673,1830-01-01,0.167
10546,31,1830-01-01,0.0
10582,565,1830-01-01,0.073
10652,7311,1830-01-01,0.503
10654,3127,1830-01-01,0.262
10660,4738,1830-01-01,0.278
10680,4920,1830-01-01,0.195
10683,5405,1830-01-01,0.281
10698,84,1830-01-01,0.199
10762,8064,1830-01-01,0.403
10768,297,1830-01-01,0.579
10798,2968,1830-01-01,0.0
10866,210,1830-01-01,0.208
10867,5477,1830-01-01,0.306
10917,7638,1830-01-01,0.122
10939,9267,1830-01-01,0.0
10946,8615,1830-01-01,0.254
10956,9683,1830-01-01,0.222
10972,2128,1830-01-01,0.214
11012,9369,1830-01-01,0.393
11035,4442,1830-01-01,0.0
11037,9862,1830-01-01,0.451
11040,5304,1830-01-01,0.0
11046,9960,1830-01-01,0.0
11056,1458,1830-01-01,0.176
11058,7355,1830-01-01,0.218
11091,4940,1830-01-01,0.287
11094,7186,1830-01-01,0.0
11100,4341,1830-01-01,0.0
11107,2857,1830-01-01,0.501
11111,6198,1830-01-01,0.681
11115,4449,1830-01-01,0.486
11200,3746,1830-01-01,0.167
11208,4464,1830-01-01,0.0
11234,3166,1830-01-01,0.0
11289,1043,1830-01-01,0.231
11297,570,1830-01-01,0.195
11317,2990,1830-01-01,0.237
11321,3114,1830-01-01,0.354
11327,7508,1830-01-01,0.0
11348,3567,1830-01-01,0.124
11406,777,1830-01-01,0.272
11427,569,1830-01-01,0.0
11436,7306,1830-01-01,0.262
11472,584,1830-01-01,0.519
11487,6088,1830-01-01,0.287
11519,8994,1830-01-01,0.328
11544,2267,1830-01-01,0.0
11548,4352,1830-01-01,0.486
11556,8244,1830-01-01,0.5
11688,8956,1830-01-01,0.227
11691,3530,1830-01-01,0.246
11710,5214,1830-01-01,0.164
11721,284,1830-01-01,0.329
11731,1690,1830-01-01,0.0
11748,7573,1830-01-01,0.381
11751,2533,1830-01-01,0.066
11760,7824,1830-01-01,0.33
11788,3213,1830-01-01,0.068
11817,139,1830-01-01,0.0
11831,1849,1830-01-01,0.2
11860,865,1830-01-01,0.143
11862,8145,1830-01-01,0.153
11864,2950,1830-01-01,0.319
11921,9070,1830-01-01,0.315
11937,786,1830-01-01,0.219
11953,590,1830-01-01,0.429
11977,1015,1830-01-01,0.254
12007,7053,1830-01-01,0.0
12017,5968,1830-01-01,0.24
12032,1353,1830-01-01,0.297
12040,177,1830-01-01,0.241
12053,2074,1830-01-01,0.242
12075,6811,1830-01-01,0.123
12084,1853,1830-01-01,0.41
12096,3720,1830-01-01,0.346
12103,8587,1830-01-01,0.25
12114,6803,1830-01-01,0.0
12157,3249,1830-01-01,0.445
12192,6100,1830-01-01,0.0
12272,6311,1830-01-01,0.207
12344,3617,1830-01-01,0.322
12369,7319,1830-01-01,0.42
12387,3208,1830-01-01,0.368
12422,7187,1830-01-01,0.285
12442,6903,1830-01-01,0.289
12451,2964,1830-01-01,0.124
12454,9802,1830-01-01,0.0
12464,6870,1830-01-01,0.162
12478,8036,1830-01-01,0.0
12480,2041,1830-01-01,0.0
12487,6620,1830-01-01,0.408
12492,9806,1830-01-01,0.362
12504,5138,1830-01-01,0.169
12507,22,1830-01-01,0.293
12530,6955,1830-01-01,0.217
12544,7271,1830-01-01,0.261
12551,6170,1830-01-01,0.0
12559,6053,1830-01-01,0.356
12563,8906,1830-01-01,0.133
12587,2394,1830-01-01,0.262
12592,8183,1830-01-01,0.234
12594,5147,1830-01-01,0.254
12598,6280,1830-01-01,0.278
12604,3110,1830-01-01,0.189
12609,4499,1830-01-01,0.382
12633,243,1830-01-01,0.191
12639,3574,1830-01-01,0.569
12653,7875,1830-01-01,0.538
12704,3869,1830-01-01,0.414
12705,7865,1830-01-01,0.457
12724,371,1830-01-01,0.249
12728,6390,1830-01-01,0.0
12734,6419,1830-01-01,0.385
12736,3934,1830-01-01,0.198
12738,8306,1830-01-01,0.205
12751,3286,1830-01-01,0.233
12754,1942,1830-01-01,0.259
12760,1981,1830-01-01,0.0
12762,2732,1830-01-01,0.448
12776,9271,1830-01-01,0.304
12781,489,1830-01-01,0.542
12834,3868,1830-01-01,0.287
12848,3496,1830-01-01,0.132
12859,5928,1830-01-01,0.193
12860,9220,1830-01-01,0.393
12862,2133,1830-01-01,0.302
12876,5887,1830-01-01,0.448
12878,954,1830-01-01,0.0
12894,1019,1830-01-01,0.306
12906,8970,1830-01-01,0.355
12916,3848,1830-01-01,0.296
12940,8018,1830-01-01,0.282
12979,9125,1830-01-01,0.0
12994,2967,1830-01-01,0.247
13027,527,1830-01-01,0.331
13058,7729,1830-01-01,0.116
13096,9448,1830-01-01,0.206
13125,3462,1830-01-01,0.337
13134,5692,1830-01-01,0.0
13159,5356,1830-01-01,0.0
13195,7021,1830-01-01,0.236
13247,1830,1830-01-01,0.0
13255,1819,1830-01-01,0.444
13283,38,1830-01-01,0.0
13299,9259,1830-01-01,0.0
13303,9861,1830-01-01,0.0
13323,5918,1830-01-01,0.218
13374,6236,1830-01-01,0.08
13381,41,1830-01-01,0.157
13402,939,1830-01-01,0.264
13410,7960,1830-01-01,0.312
13412,7524,1830-01-01,0.277
13427,9000,1830-01-01,0.373
13480,4107,1830-01-01,0.0
13483,2523,1830-01-01,0.573
13490,1063,1830-01-01,0.204
13539,4970,1830-01-01,0.2
13542,695,1830-01-01,0.333
13544,3142,1830-01-01,0.304
13558,7635,1830-01-01,0.0
13570,1293,1830-01-01,0.447
13579,7817,1830-01-01,0.3
13593,7270,1830-01-01,0.176
13602,4849,1830-01-01,0.3
13631,9412,1830-01-01,0.0
13647,6994,1830-01-01,0.246
13671,2883,1830-01-01,0.256
13685,4509,1830-01-01,0.309
13716,2536,1830-01-01,0.268
13740,1471,1830-01-01,0.189
13747,4431,1830-01-01,0.311
13784,8872,1830-01-01,0.197
13794,6466,1830-01-01,0.075
13795,2535,1830-01-01,0.215
13836,2062,1830-01-01,0.205
13860,9231,1830-01-01,0.0
13862,8404,1830-01-01,0.556
13865,8705,1830-01-01,0.137
13893,4217,1830-01-01,0.174
13992,4740,1840-01-01,0.318
14006,3364,1840-01-01,0.349
14053,108,1840-01-01,0.274
14061,1502,1840-01-01,0.249
14078,8676,1840-01-01,0.162
14082,7792,1840-01-01,0.261
14084,9671,1840-01-01,0.223
14112,2722,1840-01-01,0.0
14151,5112,1840-01-01,0.0
14155,8075,1840-01-01,0.336
14216,3239,1840-01-01,0.165
14227,9051,1840-01-01,0.083
14236,79,1840-01-01,0.0
14303,9346,1840-01-01,0.159
14304,953,1840-01-01,0.298
14324,8597,1840-01-01,0.263
14327,9408,1840-01-01,0.172
14336,2474,1840-01-01,0.138
14354,5018,1840-01-01,0.15
14356,928,1840-01-01,0.225
14357,4514,1840-01-01,0.643
14426,991,1840-01-01,0.32
14430,8367,1840-01-01,0.527
14431,5930,1840-01-01,0.337
14438,1524,1840-01-01,0.3
14463,4983,1840-01-01,0.103
14475,3492,1840-01-01,0.347
14481,9403,1840-01-01,0.0
14522,6824,1840-01-01,0.298
14533,6458,1840-01-01,0.333
14552,4326,1840-01-01,0.153
14579,3777,1840-01-01,0.285
14603,4222,1840-01-01,0.397
14642,1865,1840-01-01,0.0
14665,6587,1840-01-01,0.0
14733,2589,1840-01-01,0.404
14745,8391,1840-01-01,0.168
14761,8478,1840-01-01,0.0
14780,744,1840-01-01,0.0
14782,3734,1840-01-01,0.252
14810,3136,1840-01-01,0.25
14812,8629,1840-01-01,0.148
14836,2003,1840-01-01,0.254
14853,7273,1840-01-01,0.2
14873,7863,1840-01-01,0.248
14938,9784,1840-01-01,0.219
14949,9065,1840-01-01,0.234
14972,1464,1840-01-01,0.19
15036,9062,1840-01-01,0.517
15060,432,1840-01-01,0.221
15072,1408,1840-01-01,0.175
15104,5242,1840-01-01,0.414
15117,7880,1840-01-01,0.212
15205,7649,1840-01-01,0.278
15212,302,1840-01-01,0.303
15237,6226,1840-01-01,0.289
15245,2194,1840-01-01,0.169
15261,7252,1840-01-01,0.0
15271,5113,1840-01-01,0.116
15301,9481,1840-01-01,0.236
15363,7556,1840-01-01,0.0
15370,5115,1840-01-01,0.253
15380,9833,1840-01-01,0.386
15443,7186,1840-01-01,0.262
15483,5821,1840-01-01,0.0
15496,4986,1840-01-01,0.333
15500,7087,1840-01-01,0.071
15503,9462,1840-01-01,0.0
15528,7220,1840-01-01,0.265
15538,4204,1840-01-01,0.0
15597,999,1840-01-01,0.0
15650,4011,1840-01-01,0.253
15717,3671,1840-01-01,0.481
15733,3402,1840-01-01,0.15
15763,6936,1840-01-01,0.245
15803,7279,1840-01-01,0.243
15832,2850,1840-01-01,0.079
15873,1667,1840-01-01,0.43
15887,5483,1840-01-01,0.274
15930,2538,1840-01-01,0.237
15966,9102,1840-01-01,0.244
15969,9197,1840-01-01,0.486
15982,5083,1840-01-01,0.0
15991,9328,1840-01-01,0.086
16003,3929,1840-01-01,0.248
16027,7148,1840-01-01,0.362
16038,420,1840-01-01,0.2
16040,7085,1840-01-01,0.0
16043,6077,1840-01-01,0.306
16044,5116,1840-01-01,0.348
16063,3854,1840-01-01,0.192
16085,3415,1840-01-01,0.156
16137,3505,1840-01-01,0.391
16171,5454,1840-01-01,0.25
16172,5541,1840-01-01,0.162
16195,3221,1840-01-01,0.362
16196,6332,1840-01-01,0.164
16201,7054,1840-01-01,0.034
16223,2880,1840-01-01,0.265
16233,7590,1840-01-01,0.455
16241,529,1840-01-01,0.165
16242,5963,1840-01-01,0.209
16246,2551,1840-01-01,0.264
16247,3749,1840-01-01,0.409
16259,370,1840-01-01,0.293
16260,1654,1840-01-01,0.424
16273,9348,1840-01-01,0.135
16291,7914,1840-01-01,0.167
16296,2802,1840-01-01,0.36
16312,8850,1840-01-01,0.223
16329,8142,1840-01-01,0.0
16349,6352,1840-01-01,0.215
16365,82,1840-01-01,0.108
16381,2361,1840-01-01,0.223
16398,7042,1840-01-01,0.095
16414,7444,1840-01-01,0.292
16423,1243,1840-01-01,0.206
16438,8545,1840-01-01,0.0
16441,1708,1840-01-01,0.271
16444,2678,1840-01-01,0.137
16469,8450,1840-01-01,0.0
16483,5107,1840-01-01,0.514
16485,9908,1840-01-01,0.0
16506,7387,1840-01-01,0.23
16559,8216,1840-01-01,0.0
16597,7562,1840-01-01,0.214
16601,1384,1840-01-01,0.0
16620,9931,1840-01-01,0.273
16645,8362,1840-01-01,0.24
16667,7757,1840-01-01,0.287
16682,5757,1840-01-01,0.458
16696,419,1840-01-01,0.158
16734,7917,1840-01-01,0.203
16763,8083,1840-01-01,0.14
16803,1559,1840-01-01,0.226
16812,2129,1840-01-01,0.262
16857,6919,1840-01-01,0.081
16879,7014,1840-01-01,0.0
16887,8827,1840-01-01,0.307
16912,3815,1840-01-01,0.412
16932,5612,1840-01-01,0.34
16941,9772,1840-01-01,0.264
16970,877,1840-01-01,0.365
16980,6173,1840-01-01,0.383
17088,1806,1840-01-01,0.212
17105,793,1840-01-01,0.385
17116,2411,1840-01-01,0.268
17117,689,1840-01-01,0.08
17123,7267,1840-01-01,0.0
17171,719,1840-01-01,0.078
17190,9926,1840-01-01,0.0
17200,2412,1840-01-01,0.273
17224,7309,1840-01-01,0.0
17229,6099,1840-01-01,0.0
17281,923,1840-01-01,0.365
17288,1210,1840-01-01,0.265
17291,4554,1840-01-01,0.237
17304,4060,1840-01-01,0.097
17314,4996,1840-01-01,0.252
17321,6709,1840-01-01,0.19
17344,3261,1840-01-01,0.229
17372,4992,1840-01-01,0.0
17417,4500,1840-01-01,0.037
17457,1963,1840-01-01,0.246
17485,9740,1850-01-01,0.172
17490,7469,1850-01-01,0.358
17517,5211,1850-01-01,0.0
17543,6158,1850-01-01,0.227
17556,7504,1850-01-01,0.066
17578,2661,1850-01-01,0.192
17639,8560,1850-01-01,0.171
17643,1127,1850-01-01,0.255
17646,5694,1850-01-01,0.276
17730,8134,1850-01-01,0.0
17735,6570,1850-01-01,0.0
17809,3802,1850-01-01,0.14
17840,9180,1850-01-01,0.196
17873,1081,1850-01-01,0.326
17877,961,1850-01-01,0.259
17888,7185,1850-01-01,0.113
17943,220,1850-01-01,0.312
17948,1800,1850-01-01,0.218
17950,5125,1850-01-01,0.0
17964,6817,1850-01-01,0.178
17989,301,1850-01-01,0.508
18000,4942,1850-01-01,0.0
18001,4429,1850-01-01,0.0
18024,4945,1850-01-01,0.119
18050,1496,1850-01-01,0.22
18111,7875,1850-01-01,0.0
18137,6279,1850-01-01,0.0
18154,9833,1850-01-01,0.107
18178,7259,1850-01-01,0.286
18199,6469,1850-01-01,0.404
18220,2896,1850-01-01,0.502
18233,5047,1850-01-01,0.354
18299,2677,1850-01-01,0.283
18346,946,1850-01-01,0.271
18425,2718,1850-01-01,0.129
18440,3841,1850-01-01,0.0
18446,6032,1850-01-01,0.182
18453,8136,1850-01-01,0.176
18489,495,1850-01-01,0.414
18503,8926,1850-01-01,0.32
18517,9653,1850-01-01,0.36
18534,1793,1850-01-01,0.472
18543,8519,1850-01-01,0.293
18644,8734,1850-01-01,0.093
18702,3767,1850-01-01,0.377
18703,6217,1850-01-01,0.256
18704,7076,1850-01-01,0.18
18747,6742,1850-01-01,0.223
18751,1318,1850-01-01,0.1
18754,8279,1850-01-01,0.235
18764,7689,1850-01-01,0.2
18784,5833,1850-01-01,0.36
18790,3180,1850-01-01,0.223
18817,4556,1850-01-01,0.182
18840,8387,1850-01-01,0.121
18878,4305,1850-01-01,0.0
18905,9447,1850-01-01,0.196
18923,2023,1850-01-01,0.152
18976,9452,1850-01-01,0.21
19001,3409,1850-01-01,0.24
19065,3664,1850-01-01,0.293
19071,4899,1850-01-01,0.179
19080,3930,1850-01-01,0.21
19120,5914,1850-01-01,0.245
19181,5680,1850-01-01,0.111
19207,7349,1850-01-01,0.0
19209,7916,1850-01-01,0.235
19214,7184,1850-01-01,0.35
19247,437,1850-01-01,0.075
19285,9059,1850-01-01,0.244
19312,6633,1850-01-01,0.169
19329,2919,1850-01-01,0.429
19352,8997,1850-01-01,0.0
19387,4367,1850-01-01,0.424
19395,3362,1850-01-01,0.273
19419,2126,1850-01-01,0.455
19441,2460,1850-01-01,0.114
19465,6347,1850-01-01,0.0
19536,3853,1850-01-01,0.31
19567,1510,1850-01-01,0.116
19574,5354,1850-01-01,0.0
19580,3982,1850-01-01,0.488
19584,5594,1850-01-01,0.144
19633,3397,1850-01-01,0.152
19640,7120,1850-01-01,0.066
19655,5074,1850-01-01,0.235
19694,9242,1850-01-01,0.104
19742,1678,1850-01-01,0.227
19753,2691,1850-01-01,0.333
19797,786,1850-01-01,0.416
19842,1270,1850-01-01,0.365
19874,1166,1850-01-01,0.205
19907,3735,1850-01-01,0.258
19947,7190,1850-01-01,0.25
19965,8393,1850-01-01,0.253
19992,3605,1850-01-01,0.355
20052,6105,1850-01-01,0.0
20061,9730,1850-01-01,0.295
20080,4466,1850-01-01,0.0
20096,9572,1850-01-01,0.13
20187,6805,1850-01-01,0.6
20275,473,1850-01-01,0.184
20289,4695,1850-01-01,0.204
20334,4160,1850-01-01,0.044
20341,5742,1850-01-01,0.115
20351,3756,1850-01-01,0.121
20356,6954,1850-01-01,0.068
20396,2747,1850-01-01,0.15
20406,3017,1850-01-01,0.162
20410,408,1850-01-01,0.0
20448,7122,1850-01-01,0.34
20459,2621,1850-01-01,0.0
20461,7638,1850-01-01,0.317
20505,5514,1850-01-01,0.0
20547,1517,1850-01-01,0.0
20550,2332,1850-01-01,0.26
20560,1708,1850-01-01,0.0
20593,1704,1850-01-01,0.08
20616,1742,1850-01-01,0.34
20624,3471,1850-01-01,0.166
20648,2400,1850-01-01,0.333
20654,1271,1850-01-01,0.213
20668,9509,1850-01-01,0.269
20678,5377,1850-01-01,0.249
20705,5491,1850-01-01,0.264
20719,9193,1850-01-01,0.405
20725,1724,1850-01-01,0.0
20777,6441,1850-01-01,0.584
20786,2443,1850-01-01,0.0
20824,1079,1850-01-01,0.244
20837,5545,1850-01-01,0.143
20864,3929,1850-01-01,0.546
20918,2289,1850-01-01,0.0
20952,268,1850-01-01,0.0
21015,7507,1860-01-01,0.2
21034,7320,1860-01-01,0.0
21072,9644,1860-01-01,0.324
21128,2226,1860-01-01,0.573
21165,4954,1860-01-01,0.229
21166,6013,1860-01-01,0.336
21191,2142,1860-01-01,0.152
21197,1870,1860-01-01,0.0
21241,8505,1860-01-01,0.065
21252,5511,1860-01-01,0.353
21271,5692,1860-01-01,0.204
21272,7125,1860-01-01,0.114
21278,9518,1860-01-01,0.242
21286,2720,1860-01-01,0.207
21303,7429,1860-01-01,0.231
21319,2243,1860-01-01,0.182
21340,8532,1860-01-01,0.225
21357,6372,1860-01-01,0.129
21378,4372,1860-01-01,0.293
21444,1369,1860-01-01,0.215
21452,4851,1860-01-01,0.307
21454,5486,1860-01-01,0.508
21485,1627,1860-01-01,0.0
21492,9130,1860-01-01,0.0
21577,1618,1860-01-01,0.207
21584,4471,1860-01-01,0.0
21613,8488,1860-01-01,0.0
21671,7243,1860-01-01,0.08
21738,8248,1860-01-01,0.207
21794,6382,1860-01-01,0.288
21795,7329,1860-01-01,0.197
21840,1228,1860-01-01,0.311
21858,312,1860-01-01,0.216
21863,8599,1860-01-01,0.5
21880,7412,1860-01-01,0.172
21884,2159,1860-01-01,0.151
21890,5726,1860-01-01,0.13
21905,8995,1860-01-01,0.091
21936,7232,1860-01-01,0.231
21940,2479,1860-01-01,0.0
21969,8096,1860-01-01,0.0
22004,1121,1860-01-01,0.054
22007,8601,1860-01-01,0.0
22058,602,1860-01-01,0.156
22087,6661,1860-01-01,0.231
22121,5264,1860-01-01,0.18
22122,8019,1860-01-01,0.252
22158,8897,1860-01-01,0.111
22175,6122,1860-01-01,0.13
22179,6730,1860-01-01,0.328
22231,2887,1860-01-01,0.0
22262,6721,1860-01-01,0.0
22281,4373,1860-01-01,0.262
22300,3577,1860-01-01,0.316
22313,1075,1860-01-01,0.203
22345,9076,1860-01-01,0.402
22435,5522,1860-01-01,0.096
22454,8444,1860-01-01,0.228
22467,4238,1860-01-01,0.657
22517,4362,1860-01-01,0.222
22519,6199,1860-01-01,0.0
22532,930,1860-01-01,0.19
22555,4293,1860-01-01,0.164
22557,389,1860-01-01,0.479
22566,2533,1860-01-01,0.333
22571,6450,1860-01-01,0.282
22577,588,1860-01-01,0.0
22591,1559,1860-01-01,0.207
22594,9892,1860-01-01,0.306
22640,2059,1860-01-01,0.171
22679,1628,1860-01-01,0.346
22694,624,1860-01-01,0.484
22742,9206,1860-01-01,0.557
22771,799,1860-01-01,0.202
22812,4740,1860-01-01,0.108
22860,2868,1860-01-01,0.154
22861,6010,1860-01-01,0.0
22869,661,1860-01-01,0.365
22883,3436,1860-01-01,0.289
22910,8137,1860-01-01,0.231
22926,1686,1860-01-01,0.189
22947,4072,1860-01-01,0.2
22948,64,1860-01-01,0.0
22973,3620,1860-01-01,0.0
22987,3459,1860-01-01,0.134
23036,3383,1860-01-01,0.167
23063,1053,1860-01-01,0.307
23100,4111,1860-01-01,0.0
23125,9510,1860-01-01,0.354
23155,3169,1860-01-01,0.298
23240,6027,1860-01-01,0.442
23283,3195,1860-01-01,0.213
23334,331,1860-01-01,0.0
23364,9192,1860-01-01,0.236
23367,5619,1860-01-01,0.186
23503,5336,1860-01-01,0.0
23549,9795,1860-01-01,0.167
23646,5239,1860-01-01,0.0
23649,638,1860-01-01,0.119
23675,8389,1860-01-01,0.114
23700,4767,1860-01-01,0.0
23713,3671,1860-01-01,0.247
23720,8398,1860-01-01,0.18
23752,9481,1860-01-01,0.292
23816,7672,1860-01-01,0.169
23827,9816,1860-01-01,0.0
23843,3582,1860-01-01,0.27
23853,6525,1860-01-01,0.122
23861,5432,1860-01-01,0.287
23876,1297,1860-01-01,0.337
23924,2472,1860-01-01,0.0
23979,5393,1860-01-01,0.416
23981,2650,1860-01-01,0.219
24001,681,1860-01-01,0.146
24013,8194,1860-01-01,0.15
24022,4895,1860-01-01,0.205
24102,833,1860-01-01,0.255
24105,5389,1860-01-01,0.24
24118,9593,1860-01-01,0.188
24152,1903,1860-01-01,0.0
24191,3719,1860-01-01,0.282
24198,7363,1860-01-01,0.202
24201,574,1860-01-01,0.0
24220,5018,1860-01-01,0.181
24257,318,1860-01-01,0.493
24258,3629,1860-01-01,0.0
24261,5920,1860-01-01,0.0
24271,671,1860-01-01,0.105
24292,5637,1860-01-01,0.093
24293,8598,1860-01-01,0.0
24305,867,1860-01-01,0.239
24325,7971,1860-01-01,0.125
24335,5835,1860-01-01,0.119
24356,4339,1860-01-01,0.112
24412,5751,1870-01-01,0.1
24485,3423,1870-01-01,0.218
24534,4019,1870-01-01,0.247
24542,8818,1870-01-01,0.222
24583,9660,1870-01-01,0.114
24612,496,1870-01-01,0.145
24620,6585,1870-01-01,0.389
24626,791,1870-01-01,0.254
24734,8992,1870-01-01,0.266
24735,1056,1870-01-01,0.139
24751,2690,1870-01-01,0.225
24763,2277,1870-01-01,0.309
24818,5154,1870-01-01,0.589
24842,6640,1870-01-01,0.176
24874,7747,1870-01-01,0.302
24907,6994,1870-01-01,0.122
24911,2346,1870-01-01,0.188
24939,3868,1870-01-01,0.357
24941,7105,1870-01-01,0.351
24973,3844,1870-01-01,0.35
24983,6764,1870-01-01,0.491
24993,8862,1870-01-01,0.231
25018,8275,1870-01-01,0.291
25031,4819,1870-01-01,0.049
25032,5239,1870-01-01,0.0
25132,9356,1870-01-01,0.339
25261,8944,1870-01-01,0.26
25326,5445,1870-01-01,0.445
25447,5689,1870-01-01,0.259
25471,8868,1870-01-01,0.239
25558,5814,1870-01-01,0.307
25601,5476,1870-01-01,0.0
25638,8644,1870-01-01,0.223
25655,1661,1870-01-01,0.24
25734,8521,1870-01-01,0.248
25741,1092,1870-01-01,0.223
25759,7387,1870-01-01,0.272
25766,2398,1870-01-01,0.0
25769,114,1870-01-01,0.203
25772,3992,1870-01-01,0.0
25784,238,1870-01-01,0.0
25789,6262,1870-01-01,0.132
25842,2445,1870-01-01,0.227
25894,4749,1870-01-01,0.238
25904,4572,1870-01-01,0.284
25929,157,1870-01-01,0.106
25936,9981,1870-01-01,0.19
25956,7713,1870-01-01,0.176
25979,7202,1870-01-01,0.0
25992,3524,1870-01-01,0.192
25994,9388,1870-01-01,0.198
25996,6759,1870-01-01,0.275
26008,3362,1870-01-01,0.089
26029,2748,1870-01-01,0.349
26095,4209,1870-01-01,0.338
26120,7302,1870-01-01,0.202
26164,5807,1870-01-01,0.0
26193,7197,1870-01-01,0.474
26198,3023,1870-01-01,0.278
26213,8183,1870-01-01,0.233
26216,2656,1870-01-01,0.258
26243,5766,1870-01-01,0.345
26266,3611,1870-01-01,0.242
26291,4092,1870-01-01,0.257
26347,9699,1870-01-01,0.37
26365,3788,1870-01-01,0.211
26381,7868,1870-01-01,0.232
26424,2180,1870-01-01,0.157
26438,6675,1870-01-01,0.299
26465,9248,1870-01-01,0.417
26482,5858,1870-01-01,0.322
26485,846,1870-01-01,0.153
26507,7464,1870-01-01,0.14
26742,7673,1870-01-01,0.0
26824,5626,1870-01-01,0.0
26827,3076,1870-01-01,0.16
26858,6973,1870-01-01,0.102
26862,4629,1870-01-01,0.204
26864,2393,1870-01-01,0.225
26868,2217,1870-01-01,0.176
26901,1044,1870-01-01,0.49
26911,7027,1870-01-01,0.25
26912,1127,1870-01-01,0.255
26928,7146,1870-01-01,0.146
26930,5914,1870-01-01,0.317
26948,9852,1870-01-01,0.236
26990,3151,1870-01-01,0.0
26994,8778,1870-01-01,0.221
27010,7035,1870-01-01,0.316
27032,4473,1870-01-01,0.0
27062,7822,1870-01-01,0.271
27081,8813,1870-01-01,0.0
27163,6116,1870-01-01,0.346
27211,2757,1870-01-01,0.226
27214,8353,1870-01-01,0.194
27240,620,1870-01-01,0.254
27243,5488,1870-01-01,0.104
27248,2126,1870-01-01,0.0
27264,5097,1870-01-01,0.15
27298,7336,1870-01-01,0.418
27339,1529,1870-01-01,0.385
27360,1720,1870-01-01,0.191
27405,6316,1870-01-01,0.0
27418,6962,1870-01-01,0.173
27430,1438,1870-01-01,0.0
27465,3593,1870-01-01,0.0
27473,1888,1870-01-01,0.291
27497,8467,1870-01-01,0.181
27517,1232,1870-01-01,0.238
27525,2515,1870-01-01,0.22
27532,7008,1870-01-01,0.603
27618,4491,1870-01-01,0.119
27640,1487,1870-01-01,0.0
27649,3389,1870-01-01,0.0
27673,2405,1870-01-01,0.2
27744,6188,1870-01-01,0.192
27755,2307,1870-01-01,0.0
27771,7525,1880-01-01,0.557
27874,6984,1880-01-01,0.0
27877,9093,1880-01-01,0.139
27887,1474,1880-01-01,0.194
27898,8473,1880-01-01,0.159
27899,4116,1880-01-01,0.179
27909,1576,1880-01-01,0.0
27922,3302,1880-01-01,0.0
27925,6212,1880-01-01,0.0
27946,1569,1880-01-01,0.0
27961,115,1880-01-01,0.199
27971,3866,1880-01-01,0.0
27995,5208,1880-01-01,0.143
28012,811,1880-01-01,0.332
28040,6013,1880-01-01,0.115
28087,5591,1880-01-01,0.192
28101,7041,1880-01-01,0.348
28123,1804,1880-01-01,0.391
28142,6192,1880-01-01,0.0
28149,3074,1880-01-01,0.204
28173,7738,1880-01-01,0.0
28188,2356,1880-01-01,0.0
28235,8965,1880-01-01,0.05
28266,2167,1880-01-01,0.138
28283,3570,1880-01-01,0.408
28290,5235,1880-01-01,0.0
28291,6652,1880-01-01,0.128
28305,1957,1880-01-01,0.203
28374,5731,1880-01-01,0.24
28416,5046,1880-01-01,0.286
28504,6239,1880-01-01,0.065
28508,1611,1880-01-01,0.256
28522,2453,1880-01-01,0.38
28528,6613,1880-01-01,0.26
28539,9119,1880-01-01,0.0
28544,1132,1880-01-01,0.131
28562,9825,1880-01-01,0.223
28566,7076,1880-01-01,0.188
28574,2060,1880-01-01,0.143
28609,720,1880-01-01,0.205
28669,6946,1880-01-01,0.117
28721,8644,1880-01-01,0.312
28724,4442,1880-01-01,0.0
28757,9640,1880-01-01,0.193
28773,907,1880-01-01,0.255
28814,7713,1880-01-01,0.076
28856,3231,1880-01-01,0.276
28917,4002,1880-01-01,0.0
29021,2933,1880-01-01,0.0
29062,3067,1880-01-01,0.35
29067,1217,1880-01-01,0.218
29102,4007,1880-01-01,0.18
29160,8972,1880-01-01,0.328
29182,7254,1880-01-01,0.271
29193,5946,1880-01-01,0.134
29200,6919,1880-01-01,0.199
29215,9398,1880-01-01,0.189
29227,8385,1880-01-01,0.112
29233,4555,1880-01-01,0.104
29313,5822,1880-01-01,0.246
29350,6339,1880-01-01,0.0
29362,2575,1880-01-01,0.0
29368,3304,1880-01-01,0.114
29370,3905,1880-01-01,0.307
29376,9478,1880-01-01,0.0
29440,8952,1880-01-01,0.0
29453,6135,1880-01-01,0.301
29469,4552,1880-01-01,0.0
29478,2273,1880-01-01,0.0
29518,8036,1880-01-01,0.0
29522,386,1880-01-01,0.302
29523,8746,1880-01-01,0.102
29536,5525,1880-01-01,0.205
29614,1151,1880-01-01,0.0
29636,8332,1880-01-01,0.161
29717,7509,1880-01-01,0.243
29724,1674,1880-01-01,0.227
29807,7923,1880-01-01,0.381
29810,4463,1880-01-01,0.223
29840,5284,1880-01-01,0.262
29877,4594,1880-01-01,0.237
29885,3716,1880-01-01,0.178
29892,7709,1880-01-01,0.271
29983,106,1880-01-01,0.0
29992,7211,1880-01-01,0.295
30027,3784,1880-01-01,0.083
30076,2293,1880-01-01,0.124
30093,1924,1880-01-01,0.234
30154,3647,1880-01-01,0.0
30209,1588,1880-01-01,0.233
30218,8441,1880-01-01,0.195
30229,7981,1880-01-01,0.134
30300,3699,1880-01-01,0.225
30397,9527,1880-01-01,0.278
30426,6408,1880-01-01,0.411
30467,5573,1880-01-01,0.169
30472,3025,1880-01-01,0.0
30477,191,1880-01-01,0.0
30487,8214,1880-01-01,0.179
30494,1303,1880-01-01,0.325
30496,61,1880-01-01,0.179
30505,9570,1880-01-01,0.169
30507,6678,1880-01-01,0.0
30600,9613,1880-01-01,0.0
30618,1413,1880-01-01,0.231
30719,2573,1880-01-01,0.0
30726,282,1880-01-01,0.443
30750,8079,1880-01-01,0.289
30757,1114,1880-01-01,0.0
30763,5017,1880-01-01,0.0
30802,1774,1880-01-01,0.155
30837,6812,1880-01-01,0.191
30859,2107,1880-01-01,0.0
30866,6425,1880-01-01,0.0
30900,1344,1880-01-01,0.175
30939,8625,1880-01-01,0.252
30995,4187,1880-01-01,0.328
31007,4344,1880-01-01,0.183
31038,7887,1880-01-01,0.0
31045,2008,1880-01-01,0.09
31047,1678,1880-01-01,0.199
31075,7949,1880-01-01,0.0
31086,9750,1880-01-01,0.311
31130,620,1880-01-01,0.101
31141,8674,1880-01-01,0.459
31183,4272,1880-01-01,0.118
31200,5878,1880-01-01,0.0
31247,4139,1880-01-01,0.0
31295,5021,1890-01-01,0.185
31342,2701,1890-01-01,0.307
31348,9235,1890-01-01,0.0
31362,2236,1890-01-01,0.199
31415,143,1890-01-01,0.165
31584,3948,1890-01-01,0.067
31664,8675,1890-01-01,0.437
31692,618,1890-01-01,0.248
31695,8691,1890-01-01,0.294
31702,5735,1890-01-01,0.194
31727,3748,1890-01-01,0.224
31757,7311,1890-01-01,0.238
31761,8987,1890-01-01,0.166
31831,8394,1890-01-01,0.0
31872,2489,1890-01-01,0.416
31951,4984,1890-01-01,0.28
32030,8613,1890-01-01,0.156
32056,465,1890-01-01,0.281
32119,747,1890-01-01,0.204
32120,2987,1890-01-01,0.031
32135,3777,1890-01-01,0.144
32163,8121,1890-01-01,0.215
32289,976,1890-01-01,0.257
32302,6080,1890-01-01,0.0
32350,829,1890-01-01,0.114
32377,6732,1890-01-01,0.25
32459,2845,1890-01-01,0.063
32491,2643,1890-01-01,0.223
32538,2714,1890-01-01,0.22
32584,6450,1890-01-01,0.204
32587,5204,1890-01-01,0.163
32661,7847,1890-01-01,0.285
32685,1343,1890-01-01,0.362
32693,7138,1890-01-01,0.352
32733,1659,1890-01-01,0.109
32767,6220,1890-01-01,0.287
32779,2618,1890-01-01,0.236
32868,3453,1890-01-01,0.084
32931,401,1890-01-01,0.0
32965,5473,1890-01-01,0.169
33009,9194,1890-01-01,0.091
33054,8855,1890-01-01,0.165
33058,6527,1890-01-01,0.193
33065,737,1890-01-01,0.038
33116,881,1890-01-01,0.158
33117,7106,1890-01-01,0.0
33122,2100,1890-01-01,0.0
33191,2300,1890-01-01,0.654
33193,6846,1890-01-01,0.13
33202,1631,1890-01-01,0.334
33214,7862,1890-01-01,0.227
33221,2685,1890-01-01,0.128
33246,8196,1890-01-01,0.212
33254,3930,1890-01-01,0.0
33272,5071,1890-01-01,0.3
33355,2313,1890-01-01,0.0
33364,960,1890-01-01,0.091
33463,8978,1890-01-01,0.301
33530,6675,1890-01-01,0.122
33552,1581,1890-01-01,0.275
33557,9240,1890-01-01,0.0
33570,3213,1890-01-01,0.0
33579,1713,1890-01-01,0.0
33603,912,1890-01-01,0.109
33622,4967,1890-01-01,0.0
33667,5063,1890-01-01,0.253
33713,9414,1890-01-01,0.267
33724,5975,1890-01-01,0.326
33726,9239,1890-01-01,0.0
33809,6924,1890-01-01,0.135
33850,9427,1890-01-01,0.185
34033,9569,1890-01-01,0.248
34068,8936,1890-01-01,0.42
34079,4837,1890-01-01,0.045
34133,8383,1890-01-01,0.164
34255,5849,1890-01-01,0.0
34284,8415,1890-01-01,0.0
34345,7649,1890-01-01,0.291
34359,9860,1890-01-01,0.422
34369,8466,1890-01-01,0.13
34424,2911,1890-01-01,0.204
34438,1035,1890-01-01,0.212
34501,6578,1890-01-01,0.197
34563,5563,1900-01-01,0.0
34589,670,1900-01-01,0.316
34623,445,1900-01-01,0.492
34624,6793,1900-01-01,0.087
34652,4570,1900-01-01,0.102
34735,8210,1900-01-01,0.213
34828,5967,1900-01-01,0.0
34951,9171,1900-01-01,0.154
34984,5645,1900-01-01,0.0
35075,2560,1900-01-01,0.309
35164,1424,1900-01-01,0.172
35192,5326,1900-01-01,0.064
35272,7810,1900-01-01,0.567
35277,9979,1900-01-01,0.152
35280,4331,1900-01-01,0.173
35301,4140,1900-01-01,0.203
35366,6569,1900-01-01,0.257
35439,4461,1900-01-01,0.204
35449,3077,1900-01-01,0.0
35528,8932,1900-01-01,0.285
35552,5630,1900-01-01,0.325
35563,2261,1900-01-01,0.168
35580,8835,1900-01-01,0.32
35609,6789,1900-01-01,0.051
35659,4333,1900-01-01,0.147
35681,2191,1900-01-01,0.298
35742,1901,1900-01-01,0.24
35748,8193,1900-01-01,0.072
35812,9293,1900-01-01,0.394
35888,2999,1900-01-01,0.115
35936,4134,1900-01-01,0.0
35992,9643,1900-01-01,0.029
35995,6516,1900-01-01,0.252
36042,5742,1900-01-01,0.548
36103,9388,1900-01-01,0.144
36203,8581,1900-01-01,0.142
36221,7589,1900-01-01,0.153
36226,2310,1900-01-01,0.062
36249,5679,1900-01-01,0.237
36331,4152,1900-01-01,0.2
36345,6419,1900-01-01,0.18
36395,3857,1900-01-01,0.116
36411,5265,1900-01-01,0.241
36536,4101,1900-01-01,0.193
36604,9682,1900-01-01,0.0
36609,1473,1900-01-01,0.0
36699,9597,1900-01-01,0.0
36714,1476,1900-01-01,0.36
36810,4058,1900-01-01,0.26
36846,2344,1900-01-01,0.202
36857,9840,1900-01-01,0.0
36908,5647,1900-01-01,0.509
36939,1389,1900-01-01,0.178
37017,8236,1900-01-01,0.11
37026,1151,1900-01-01,0.172
37106,170,1900-01-01,0.215
37118,3669,1900-01-01,0.391
37137,2471,1900-01-01,0.0
37203,6063,1900-01-01,0.406
37214,3375,1900-01-01,0.211
37267,2101,1900-01-01,0.0
37275,965,1900-01-01,0.211
37292,88,1900-01-01,0.194
37305,3284,1900-01-01,0.425
37337,3066,1900-01-01,0.0
37399,3287,1900-01-01,0.0
37462,7552,1900-01-01,0.29
37526,4237,1900-01-01,0.609
37553,8296,1900-01-01,0.31
37607,2142,1900-01-01,0.239
37692,8216,1900-01-01,0.0
37747,3615,1900-01-01,0.0
37836,395,1900-01-01,0.694
37883,5704,1900-01-01,0.0
37904,4579,1900-01-01,0.214
37913,4712,1900-01-01,0.207
37969,2497,1900-01-01,0.106
37981,4242,1900-01-01,0.333
38046,5017,1910-01-01,0.731
38086,474,1910-01-01,0.27
38180,8402,1910-01-01,0.122
38282,1678,1910-01-01,0.238
38311,433,1910-01-01,0.2
38340,2851,1910-01-01,0.259
38426,8972,1910-01-01,0.253
38664,1416,1910-01-01,0.0
38698,5478,1910-01-01,0.212
38838,7637,1910-01-01,0.213
38922,6411,1910-01-01,0.311
38973,5185,1910-01-01,0.198
39023,5191,1910-01-01,0.39
39180,7406,1910-01-01,0.372
39401,349,1910-01-01,0.0
39591,1975,1910-01-01,0.171
39607,1777,1910-01-01,0.424
39689,6725,1910-01-01,0.0
39702,4278,1910-01-01,0.197
39758,4928,1910-01-01,0.286
39829,8910,1910-01-01,0.193
39868,8533,1910-01-01,0.359
39872,1371,1910-01-01,0.162
39928,3923,1910-01-01,0.224
40184,5530,1910-01-01,0.284
40187,2340,1910-01-01,0.21
40234,1676,1910-01-01,0.246
40288,7266,1910-01-01,0.144
40338,3273,1910-01-01,0.221
40380,1204,1910-01-01,0.366
40397,7559,1910-01-01,0.366
40427,5649,1910-01-01,0.154
40517,7536,1910-01-01,0.17
40527,8580,1910-01-01,0.19
40553,9719,1910-01-01,0.221
40607,7346,1910-01-01,0.192
40643,5580,1910-01-01,0.179
40667,8234,1910-01-01,0.273
40673,6849,1910-01-01,0.176
40707,1135,1910-01-01,0.212
40841,1785,1910-01-01,0.096
40869,5593,1910-01-01,0.121
40905,7194,1910-01-01,0.07
40932,3554,1910-01-01,0.054
40984,8749,1910-01-01,0.328
40990,1246,1910-01-01,0.0
41022,3680,1910-01-01,0.498
41072,4055,1910-01-01,0.121
41218,8978,1910-01-01,0.206
41270,2387,1910-01-01,0.242
41280,1335,1910-01-01,0.169
41363,7818,1910-01-01,0.303
41441,3649,1910-01-01,0.271
41478,6277,1920-01-01,0.383
41612,7229,1920-01-01,0.0
41668,184,1920-01-01,0.321
41685,8383,1920-01-01,0.265
41702,5228,1920-01-01,0.158
41705,7919,1920-01-01,0.337
41725,8545,1920-01-01,0.175
41836,4807,1920-01-01,0.0
42051,4980,1920-01-01,0.226
42115,6624,1920-01-01,0.253
42191,6090,1920-01-01,0.36
42398,8235,1920-01-01,0.35
42564,4191,1920-01-01,0.0
42574,4010,1920-01-01,0.39
42625,174,1920-01-01,0.075
42809,5570,1920-01-01,0.091
42818,4518,1920-01-01,0.344
42878,1320,1920-01-01,0.087
42981,4359,1920-01-01,0.246
42982,4222,1920-01-01,0.408
43007,5408,1920-01-01,0.0
43008,753,1920-01-01,0.0
43140,2602,1920-01-01,0.093
43271,757,1920-01-01,0.475
43382,5638,1920-01-01,0.069
43490,186,1920-01-01,0.091
43498,5806,1920-01-01,0.0
43713,6761,1920-01-01,0.369
43716,631,1920-01-01,0.237
43743,5349,1920-01-01,0.188
43757,5584,1920-01-01,0.186
43839,1705,1920-01-01,0.419
43945,4004,1920-01-01,0.269
43970,5563,1920-01-01,0.0
43984,5759,1920-01-01,0.136
44046,6520,1920-01-01,0.45
44110,1701,1920-01-01,0.465
44242,6976,1920-01-01,0.272
44243,4738,1920-01-01,0.276
44335,2816,1920-01-01,0.19
44412,7751,1920-01-01,0.0
44522,8655,1920-01-01,0.285
44527,8045,1920-01-01,0.206
44679,1330,1920-01-01,0.429
44827,5099,1920-01-01,0.2
44885,8914,1920-01-01,0.0
44897,1800,1920-01-01,0.147
44960,4816,1920-01-01,0.223
44966,3480,1920-01-01,0.286
45051,2662,1930-01-01,0.0
45215,6676,1930-01-01,0.245
45257,9384,1930-01-01,0.264
45290,2348,1930-01-01,0.234
45394,5217,1930-01-01,0.098
45630,3524,1930-01-01,0.0
45655,7463,1930-01-01,0.0
45672,2833,1930-01-01,0.046
45697,1924,1930-01-01,0.0
45769,881,1930-01-01,0.093
45775,4740,1930-01-01,0.368
45783,7491,1930-01-01,0.437
45913,7671,1930-01-01,0.58
45988,7280,1930-01-01,0.326
46051,4071,1930-01-01,0.0
46077,7015,1930-01-01,0.217
46128,5739,1930-01-01,0.284
46136,6317,1930-01-01,0.087
46184,2414,1930-01-01,0.0
46191,198,1930-01-01,0.23
46282,5454,1930-01-01,0.225
46361,7279,1930-01-01,0.273
46392,1412,1930-01-01,0.159
46446,8816,1930-01-01,0.241
46509,6895,1930-01-01,0.283
46608,9787,1930-01-01,0.327
46663,9445,1930-01-01,0.0
46676,5822,1930-01-01,0.0
46688,7344,1930-01-01,0.341
46768,4691,1930-01-01,0.0
46861,3138,1930-01-01,0.435
46897,8429,1930-01-01,0.192
46946,9249,1930-01-01,0.327
47040,5804,1930-01-01,0.0
47049,233,1930-01-01,0.0
47072,5839,1930-01-01,0.091
47198,1405,1930-01-01,0.186
47240,8511,1930-01-01,0.46
47244,522,1930-01-01,0.431
47283,1885,1930-01-01,0.18
47310,6186,1930-01-01,0.275
47461,7525,1930-01-01,0.221
47541,7672,1930-01-01,0.273
47564,7723,1930-01-01,0.296
47596,1272,1930-01-01,0.0
47616,7211,1930-01-01,0.185
47632,854,1930-01-01,0.535
47651,2946,1930-01-01,0.077
47730,8574,1930-01-01,0.211
47755,434,1930-01-01,0.114
47948,4091,1930-01-01,0.128
48056,9493,1930-01-01,0.18
48072,3952,1930-01-01,0.428
48219,5268,1930-01-01,0.302
48223,7628,1930-01-01,0.298
48235,8352,1930-01-01,0.184
48533,2888,1930-01-01,0.167
48556,3267,1930-01-01,0.205
48560,719,1930-01-01,0.213
48632,8741,1940-01-01,0.251
48704,5839,1940-01-01,0.412
48725,1442,1940-01-01,0.255
48750,7040,1940-01-01,0.0
49000,157,1940-01-01,0.0
49019,3296,1940-01-01,0.0
49147,9476,1940-01-01,0.0
49406,5495,1940-01-01,0.151
49447,3924,1940-01-01,0.163
49511,8884,1940-01-01,0.2
49585,6550,1940-01-01,0.0
49710,9143,1940-01-01,0.131
49752,3332,1940-01-01,0.0
49774,9331,1940-01-01,0.326
49860,6738,1940-01-01,0.213
49913,9771,1940-01-01,0.192
49996,6623,1940-01-01,0.252
50068,3227,1940-01-01,0.202
50094,6237,1940-01-01,0.213
50185,2717,1940-01-01,0.0
50205,1744,1940-01-01,0.224
50216,2935,1940-01-01,0.165
50317,5061,1940-01-01,0.0
50357,1028,1940-01-01,0.193
50667,3575,1940-01-01,0.0
50711,9164,1940-01-01,0.31
50813,773,1940-01-01,0.186
50863,1559,1940-01-01,0.195
50903,4500,1940-01-01,0.132
51175,4482,1940-01-01,0.238
51310,4347,1940-01-01,0.215
51452,9649,1940-01-01,0.242
51497,3087,1940-01-01,0.214
51843,9555,1940-01-01,0.406
51941,8145,1940-01-01,0.141
52003,4095,1940-01-01,0.231
52239,6975,1950-01-01,0.205
52311,7062,1950-01-01,0.229
52503,5445,1950-01-01,0.524
52537,2865,1950-01-01,0.381
52553,4291,1950-01-01,0.085
52567,3475,1950-01-01,0.2
52579,2748,1950-01-01,0.088
52611,2909,1950-01-01,0.2
52665,7186,1950-01-01,0.13
52678,2003,1950-01-01,0.204
52904,2236,1950-01-01,0.216
52923,6432,1950-01-01,0.13
52994,4294,1950-01-01,0.221
53087,4761,1950-01-01,0.259
53136,908,1950-01-01,0.204
53188,9332,1950-01-01,0.577
53318,167,1950-01-01,0.193
53338,26,1950-01-01,0.212
53467,3619,1950-01-01,0.364
53655,7963,1950-01-01,0.496
53678,5782,1950-01-01,0.0
53687,7414,1950-01-01,0.203
53731,6894,1950-01-01,0.284
53876,6076,1950-01-01,0.242
53988,2452,1950-01-01,0.257
54100,582,1950-01-01,0.131
54118,1898,1950-01-01,0.229
54123,3755,1950-01-01,0.232
54154,7706,1950-01-01,0.225
54179,1109,1950-01-01,0.0
54471,9842,1950-01-01,0.163
54525,7143,1950-01-01,0.455
54538,216,1950-01-01,0.349
54548,3675,1950-01-01,0.0
54600,9938,1950-01-01,0.073
54662,7853,1950-01-01,0.276
54751,7636,1950-01-01,0.203
54770,5639,1950-01-01,0.244
54784,2371,1950-01-01,0.0
54793,263,1950-01-01,0.119
55020,4623,1950-01-01,0.192
55172,4505,1950-01-01,0.307
55183,4520,1950-01-01,0.161
55199,3115,1950-01-01,0.249
55252,9398,1950-01-01,0.19
55399,2046,1950-01-01,0.2
55417,5063,1950-01-01,0.437
55517,7273,1950-01-01,0.185
55521,8702,1950-01-01,0.188
55525,6509,1950-01-01,0.302
55593,9120,1950-01-01,0.131
55617,3533,1950-01-01,0.116
55803,7392,1950-01-01,0.24
55804,3617,1950-01-01,0.228
55871,7813,1960-01-01,0.0
55895,5966,1960-01-01,0.283
55935,3947,1960-01-01,0.181
56003,1408,1960-01-01,0.0
56396,2225,1960-01-01,0.186
56398,7013,1960-01-01,0.0
56502,5741,1960-01-01,0.237
56913,9452,1960-01-01,0.146
56914,9186,1960-01-01,0.0
57009,796,1960-01-01,0.167
57102,6775,1960-01-01,0.0
57478,6782,1960-01-01,0.213
57513,6847,1960-01-01,0.257
57748,2821,1960-01-01,0.275
57751,7255,1960-01-01,0.448
58072,3534,1960-01-01,0.0
58252,9899,1960-01-01,0.235
58341,1589,1960-01-01,0.16
58409,9230,1960-01-01,0.0
58442,5962,1960-01-01,0.517
58641,5833,1960-01-01,0.0
58834,4587,1960-01-01,0.206
58902,3857,1960-01-01,0.437
58915,9139,1960-01-01,0.093
59111,7560,1960-01-01,0.0
59159,2059,1960-01-01,0.308
59218,1472,1960-01-01,0.0
59418,9829,1960-01-01,0.271
59425,9477,1960-01-01,0.0
59490,7018,1960-01-01,0.258
59559,9861,1960-01-01,0.296
60116,1384,1970-01-01,0.417
60293,1701,1970-01-01,0.205
60324,2945,1970-01-01,0.174
60357,8401,1970-01-01,0.222
60688,3108,1970-01-01,0.163
61163,3956,1970-01-01,0.227
61335,5419,1970-01-01,0.0
61584,570,1970-01-01,0.178
61835,440,1970-01-01,0.0
62160,1212,1970-01-01,0.22
62174,3305,1970-01-01,0.643
62205,68,1970-01-01,0.0
62257,8966,1970-01-01,0.366
62596,8887,1970-01-01,0.0
62802,5103,1970-01-01,0.03
62984,1724,1970-01-01,0.0
63075,9282,1970-01-01,0.0
63078,3733,1970-01-01,0.0
63134,2603,1970-01-01,0.398
63518,1148,1970-01-01,0.221
63591,6237,1980-01-01,0.0
63688,48,1980-01-01,0.108
63699,1507,1980-01-01,0.227
63984,172,1980-01-01,0.188
64115,2533,1980-01-01,0.281
64165,5244,1980-01-01,0.415
64223,4481,1980-01-01,0.288
64297,2932,1980-01-01,0.379
64417,4713,1980-01-01,0.183
64526,7759,1980-01-01,0.109
64565,7018,1980-01-01,0.268
64709,6338,1980-01-01,0.41
64768,1210,1980-01-01,0.126
65139,1719,1980-01-01,0.0
65148,5119,1980-01-01,0.318
65350,9025,1980-01-01,0.196
65481,7134,1980-01-01,0.0
65512,5528,1980-01-01,0.189
65824,2804,1980-01-01,0.0
65879,1467,1980-01-01,0.194
65918,4526,1980-01-01,0.187
66002,2285,1980-01-01,0.189
66096,9519,1980-01-01,0.231
66325,9936,1980-01-01,0.0
66365,2654,1980-01-01,0.524
66446,9392,1980-01-01,0.25
66575,5000,1980-01-01,0.202
66782,6273,1980-01-01,0.302
66834,5328,1980-01-01,0.264
66844,3146,1980-01-01,0.213
67044,2253,1980-01-01,0.136
67064,3473,1980-01-01,0.216
67069,8357,1980-01-01,0.357
67086,460,1980-01-01,0.178
67248,6508,1980-01-01,0.0
67410,902,1980-01-01,0.267
67428,1599,1980-01-01,0.0
67539,4797,1990-01-01,0.304
67706,4989,1990-01-01,0.231
67806,2552,1990-01-01,0.268
68178,2996,1990-01-01,0.442
68223,7967,1990-01-01,0.121
68243,6023,1990-01-01,0.143
68293,684,1990-01-01,0.188
68383,4576,1990-01-01,0.088
68706,5255,1990-01-01,0.0
68778,7168,1990-01-01,0.0
68864,6175,1990-01-01,0.0
69139,1321,1990-01-01,0.402
69190,2165,1990-01-01,0.462
69229,7446,1990-01-01,0.066
69347,595,1990-01-01,0.276
69424,6792,1990-01-01,0.159
69940,9562,1990-01-01,0.0
69954,8167,1990-01-01,0.226
69972,5911,1990-01-01,0.263
70073,5082,1990-01-01,0.178
70153,9953,1990-01-01,0.0
70486,5282,1990-01-01,0.143
70532,5523,1990-01-01,0.397
70554,1749,1990-01-01,0.226
70625,1730,1990-01-01,0.14
70627,5418,1990-01-01,0.302
70638,4712,1990-01-01,0.504
70667,7052,1990-01-01,0.247
70746,437,1990-01-01,0.238
70826,8146,1990-01-01,0.0
71014,3268,1990-01-01,0.223
71021,6783,1990-01-01,0.224
71137,3073,1990-01-01,0.207
71263,8624,1990-01-01,0.265
71367,4438,1990-01-01,0.0
71666,2140,2000-01-01,0.0
71811,7554,2000-01-01,0.0
72099,7640,2000-01-01,0.0
72228,5609,2000-01-01,0.041
72633,4386,2000-01-01,0.106
72637,3715,2000-01-01,0.126
72747,3427,2000-01-01,0.259
73049,8935,2000-01-01,0.288
73206,7684,2000-01-01,0.0
73238,4917,2000-01-01,0.0
73329,7812,2000-01-01,0.206
73334,2707,2000-01-01,0.0
73606,7570,2000-01-01,0.0
73742,9187,2000-01-01,0.0
73866,8977,2000-01-01,0.0
73978,1509,2000-01-01,0.381
74786,2085,2000-01-01,0.429
74825,8021,2000-01-01,0.134
74832,2463,2000-01-01,0.075
74866,1461,2000-01-01,0.0
75032,6768,2000-01-01,0.171
75415,7396,2000-01-01,0.0
75492,7443,2000-01-01,0.288
75576,4287,2000-01-01,0.202
75805,7436,2000-01-01,0.444
